-- phpMyAdmin SQL Dump
-- version 3.4.5deb1
-- http://www.phpmyadmin.net
--
-- Хост: localhost
-- Время создания: Апр 21 2012 г., 20:23
-- Версия сервера: 5.1.62
-- Версия PHP: 5.3.6-13ubuntu3.6

SET SQL_MODE="NO_AUTO_VALUE_ON_ZERO";
SET time_zone = "+00:00";


/*!40101 SET @OLD_CHARACTER_SET_CLIENT=@@CHARACTER_SET_CLIENT */;
/*!40101 SET @OLD_CHARACTER_SET_RESULTS=@@CHARACTER_SET_RESULTS */;
/*!40101 SET @OLD_COLLATION_CONNECTION=@@COLLATION_CONNECTION */;
/*!40101 SET NAMES utf8 */;

--
-- База данных: `test`
--


--
-- Дамп данных таблицы `Relationship`
--

INSERT INTO `Relationship` (`id`, `status`) VALUES (1, 'single');
INSERT INTO `Relationship` (`id`, `status`) VALUES (2, 'in_a_relationship');
INSERT INTO `Relationship` (`id`, `status`) VALUES (3, 'engaged');
INSERT INTO `Relationship` (`id`, `status`) VALUES (4, 'married');
INSERT INTO `Relationship` (`id`, `status`) VALUES (5, 'its_complicated');
INSERT INTO `Relationship` (`id`, `status`) VALUES (6, 'open_relationship');
INSERT INTO `Relationship` (`id`, `status`) VALUES (7, 'widowed');
INSERT INTO `Relationship` (`id`, `status`) VALUES (8, 'in_domestic_partnership');
INSERT INTO `Relationship` (`id`, `status`) VALUES (9, 'in_civil_union');

--
-- Дамп данных таблицы `Gender`
--
INSERT INTO `Gender` (`id`, `value`) VALUES (1, 'male');
INSERT INTO `Gender` (`id`, `value`) VALUES (2, 'female');
INSERT INTO `Gender` (`id`, `value`) VALUES (3, 'other');

--
-- Дамп данных таблицы `Content`
--
INSERT INTO `Content` (`id`,`kind`) VALUES (3,'audio');
INSERT INTO `Content` (`id`,`kind`) VALUES (5,'link');
INSERT INTO `Content` (`id`,`kind`) VALUES (2,'photo');
INSERT INTO `Content` (`id`,`kind`) VALUES (1,'text');
INSERT INTO `Content` (`id`,`kind`) VALUES (4,'video');


--
-- Дамп данных таблицы `Word`
--

INSERT INTO `Word` (`id`, `Word`) VALUES
(31, 'abstract'),
(24, 'acrylic'),
(73, 'activities'),
(294, 'admin'),
(266, 'administrator'),
(265, 'ajax'),
(180, 'amateur'),
(210, 'android'),
(299, 'apache'),
(280, 'api'),
(234, 'app'),
(236, 'application'),
(233, 'applications'),
(229, 'apps'),
(25, 'architect'),
(197, 'architecture'),
(187, 'area'),
(2, 'art'),
(134, 'articles'),
(1, 'artist'),
(26, 'artistic'),
(8, 'artwork'),
(124, 'author'),
(63, 'baseball'),
(270, 'basic'),
(40, 'basketball'),
(175, 'beautiful'),
(171, 'beauty'),
(60, 'bike'),
(102, 'bikes'),
(254, 'bit'),
(307, 'bits'),
(116, 'blog'),
(117, 'blogger'),
(132, 'bloggers'),
(120, 'blogging'),
(123, 'blogs'),
(129, 'blogspot'),
(75, 'boxing'),
(297, 'browser'),
(231, 'c++'),
(157, 'camera'),
(190, 'canon'),
(184, 'capture'),
(93, 'challenge'),
(141, 'channel'),
(115, 'chempionships'),
(99, 'chess'),
(42, 'circle'),
(43, 'circles'),
(193, 'clients'),
(113, 'climber'),
(87, 'climbing'),
(85, 'coach'),
(90, 'coaching'),
(230, 'code'),
(278, 'coder'),
(277, 'coding'),
(32, 'color'),
(14, 'comics'),
(221, 'computer'),
(257, 'computers'),
(275, 'computing'),
(22, 'concept'),
(125, 'content'),
(272, 'core'),
(189, 'create'),
(169, 'creative'),
(96, 'cricket'),
(178, 'critique'),
(245, 'css'),
(288, 'css3'),
(51, 'cycling'),
(98, 'cyclist'),
(301, 'databases'),
(269, 'debian'),
(296, 'delphi'),
(7, 'design'),
(6, 'designer'),
(264, 'develop'),
(276, 'developed'),
(208, 'developer'),
(246, 'developers'),
(243, 'developing'),
(215, 'development'),
(10, 'digital'),
(267, 'django'),
(11, 'drawing'),
(263, 'drupal'),
(291, 'eclipse'),
(162, 'enjoy'),
(27, 'exhibition'),
(172, 'fashion'),
(114, 'fighter'),
(83, 'figure'),
(61, 'fitness'),
(35, 'football'),
(262, 'framework'),
(305, 'frameworks'),
(248, 'freelance'),
(12, 'gallery'),
(53, 'game'),
(80, 'gamer'),
(46, 'games'),
(68, 'gaming'),
(203, 'geek'),
(304, 'gentoo'),
(298, 'github'),
(206, 'glamour'),
(106, 'goal'),
(79, 'golf'),
(214, 'google'),
(9, 'graphic'),
(160, 'great'),
(103, 'gym'),
(283, 'hacker'),
(289, 'hacking'),
(282, 'hardware'),
(205, 'hobby'),
(54, 'hockey'),
(199, 'home'),
(242, 'html'),
(238, 'html5'),
(5, 'illustration'),
(3, 'illustrator'),
(154, 'images'),
(112, 'instructor'),
(232, 'internet'),
(235, 'ios'),
(213, 'java'),
(226, 'javascript'),
(241, 'jquery'),
(107, 'kayaking'),
(151, 'landscape'),
(170, 'landscapes'),
(69, 'league'),
(204, 'lightroom'),
(217, 'linux'),
(295, 'lisp'),
(165, 'live'),
(176, 'look'),
(258, 'mac'),
(192, 'macro'),
(17, 'magazine'),
(95, 'marathon'),
(18, 'media'),
(251, 'microsoft'),
(91, 'mma'),
(33, 'modern'),
(200, 'moment'),
(313, 'mssql'),
(309, 'mvc'),
(239, 'mysql'),
(314, 'mysql5'),
(183, 'national'),
(148, 'nature'),
(88, 'nba'),
(224, 'net'),
(273, 'network'),
(287, 'networking'),
(292, 'networks'),
(77, 'nfl'),
(185, 'nikon'),
(290, 'objective-c'),
(101, 'olympic'),
(293, 'open-source'),
(312, 'opensource'),
(286, 'oracle'),
(268, 'page'),
(4, 'paint'),
(13, 'painter'),
(19, 'painting'),
(159, 'passion'),
(196, 'passionate'),
(153, 'people'),
(149, 'photo'),
(145, 'photographer'),
(28, 'photography'),
(191, 'photoshop'),
(219, 'php'),
(168, 'picture'),
(59, 'place'),
(255, 'platform'),
(279, 'platforms'),
(41, 'play'),
(64, 'played'),
(56, 'player'),
(109, 'players'),
(48, 'playing'),
(136, 'podcaster'),
(62, 'pool'),
(201, 'portfolio'),
(29, 'portrait'),
(127, 'post'),
(300, 'postgresql'),
(126, 'posts'),
(207, 'product'),
(161, 'professional'),
(128, 'profile'),
(260, 'program'),
(216, 'programmer'),
(302, 'programmers'),
(220, 'programming'),
(274, 'programs'),
(164, 'project'),
(138, 'published'),
(142, 'publisher'),
(133, 'publishing'),
(218, 'python'),
(45, 'race'),
(92, 'racer'),
(86, 'races'),
(58, 'racing'),
(105, 'rafting'),
(237, 'rails'),
(140, 'reviews'),
(227, 'ruby'),
(70, 'rugby'),
(100, 'runner'),
(50, 'running'),
(308, 'scripting'),
(23, 'sculptor'),
(30, 'sculpture'),
(256, 'server'),
(130, 'share'),
(139, 'sharing'),
(78, 'shoot'),
(84, 'shooting'),
(97, 'shot'),
(195, 'show'),
(253, 'site'),
(261, 'sites'),
(108, 'skater'),
(111, 'skates'),
(76, 'ski'),
(71, 'skier'),
(44, 'skiing'),
(74, 'snowboarding'),
(38, 'soccer'),
(211, 'software'),
(223, 'source'),
(20, 'speedpaint'),
(39, 'sport'),
(37, 'sports'),
(259, 'sql'),
(306, 'stack'),
(65, 'start'),
(82, 'strategy'),
(163, 'street'),
(194, 'studio'),
(198, 'style'),
(271, 'support'),
(72, 'swimmer'),
(47, 'swimming'),
(49, 'team'),
(67, 'teams'),
(66, 'tennis'),
(310, 'test'),
(303, 'tester'),
(36, 'time'),
(135, 'topics'),
(110, 'tour'),
(94, 'trainer'),
(55, 'training'),
(155, 'travel'),
(52, 'try'),
(250, 'ubuntu'),
(285, 'unix'),
(228, 'user'),
(202, 'various'),
(143, 'videoblog'),
(284, 'virtual'),
(34, 'visionary'),
(21, 'visual'),
(57, 'volleyball'),
(209, 'web'),
(311, 'webmaster'),
(244, 'website'),
(247, 'websites'),
(166, 'wildlife'),
(81, 'win'),
(131, 'wordpress'),
(146, 'work'),
(177, 'workshop'),
(150, 'world'),
(104, 'wrestling'),
(119, 'write'),
(118, 'writer'),
(137, 'writes'),
(122, 'writing'),
(281, 'xml'),
(152, 'years'),
(89, 'yoga'),
(121, 'youtube');

--
-- Дамп данных таблицы `Synonym`
--

INSERT INTO `Synonym` (`id`, `synonym`, `word`) VALUES
(1, 'абстрактный', 31),
(2, 'акриловый', 24),
(3, 'архитектор', 25),
(4, 'искусство', 2),
(5, 'художник', 1),
(6, 'художественный', 26),
(7, 'футбол', 35),
(8, 'тайм', 36),
(9, 'спортивный', 37),
(11, 'спорт', 39),
(12, 'баскетбол', 40),
(13, 'игра', 41),
(14, 'круг', 42),
(15, 'круги', 43),
(16, 'лыжи', 44),
(17, 'гонка', 45),
(18, 'соревнования', 46),
(19, 'плавание', 47),
(20, 'игральный', 48),
(21, 'команда', 49),
(22, 'бег', 50),
(23, 'велогонка', 51),
(24, 'попытка', 52),
(25, 'партия', 53),
(26, 'хоккей', 54),
(27, 'тренировка', 55),
(28, 'спортсмен', 56),
(29, 'волейбол', 57),
(30, 'гоночный', 58),
(31, 'место', 59),
(32, 'велосипед', 60),
(33, 'фитнес', 61),
(34, 'бассейн', 62),
(35, 'бейсбол', 63),
(36, 'играл', 64),
(37, 'старт', 65),
(38, 'теннис', 66),
(39, 'команды', 67),
(40, 'игровой', 68),
(41, 'лига', 69),
(42, 'регби', 70),
(43, 'лыжник', 71),
(44, 'пловец', 72),
(45, 'активность', 73),
(46, 'сноуборд', 74),
(47, 'бокс', 75),
(48, 'лыжа', 76),
(49, 'нфл', 77),
(50, 'стрельба', 78),
(51, 'гольф', 79),
(52, 'игрок', 80),
(53, 'победа', 81),
(54, 'стратегия', 82),
(55, 'фигура', 83),
(57, 'тренер', 85),
(58, 'скачки', 86),
(59, 'восхождение', 87),
(60, 'нба', 88),
(61, 'йога', 89),
(63, 'гонщик', 92),
(64, 'вызов', 93),
(66, 'марафон', 95),
(67, 'крикет', 96),
(68, 'выстрел', 97),
(69, 'велосипедист', 98),
(70, 'шахматы', 99),
(71, 'бегун', 100),
(72, 'олимпийский', 101),
(73, 'велосипеды', 102),
(74, 'гимнастика', 103),
(75, 'борьба', 104),
(76, 'спуск', 105),
(77, 'гол', 106),
(78, 'конькобежец', 108),
(79, 'игроки', 109),
(80, 'тур', 110),
(81, 'коньки', 111),
(82, 'инструктор', 112),
(83, 'альпинист', 113),
(84, 'боец', 114),
(85, 'чемпионат', 115),
(86, 'блог', 116),
(87, 'блоггер', 117),
(88, 'писатель', 118),
(89, 'писать', 119),
(90, 'блоггерство', 120),
(91, 'youtube', 121),
(92, 'пишу', 122),
(93, 'блоги', 123),
(94, 'автор', 124),
(95, 'контент', 125),
(96, 'посты', 126),
(97, 'пост', 127),
(98, 'профиль', 128),
(99, 'blogspot', 129),
(100, 'поделиться', 130),
(101, 'wordpress', 131),
(102, 'блоггеры', 132),
(103, 'публикую', 133),
(104, 'статья', 134),
(106, 'подкастер', 136),
(108, 'опубликованный', 138),
(109, 'ревью', 140),
(110, 'канал', 141),
(111, 'видеоблог', 143);


--
-- Дамп данных таблицы `GroupDescr`
--

INSERT INTO `GroupDescr` (`id`, `Description`, `name`, `activeImage`, `passiveImage`) VALUES
(1, '', 'Художники', '', ''),
(2, NULL, 'Спортсмены', '', ''),
(3, NULL, 'Блоггеры', '', ''),
(4, '', 'Фотографы', '', ''),
(5, NULL, 'Разработчики', '', '');


--
-- Дамп данных таблицы `Link`
--

INSERT INTO `Link` (`id`, `link`) VALUES
(1, '500px.com'),
(7, 'blogger.com'),
(3, 'blogspot.com'),
(2, 'flickr.com'),
(6, 'github.com'),
(8, 'livejournal.com'),
(10, 'panoramio.com'),
(9, 'stackoverflow.com'),
(4, 'wordpress.com'),
(5, 'youtube.com');

--
-- Дамп данных таблицы `GroupLink`
--

INSERT INTO `GroupLink` (`postWeight`, `profileWeight`, `link`, `groupDescr`) VALUES
(0, 0, 3, 3),
(0, 0, 4, 3),
(0, 0, 5, 3),
(0, 0, 7, 3),
(0, 0, 8, 3),
(0, 0, 1, 4),
(0, 0, 2, 4),
(0, 0, 10, 4),
(0, 0, 6, 5),
(0, 0, 9, 5);

--
-- Дамп данных таблицы `GroupWord`
--

INSERT INTO `GroupWord` (`postWeight`, `profileWeight`, `word`, `groupDescr`) VALUES
(0, 0, 1, 1),
(0, 0, 2, 1),
(0, 0, 3, 1),
(0, 0, 4, 1),
(0, 0, 5, 1),
(0, 0, 6, 1),
(0, 0, 7, 1),
(0, 0, 8, 1),
(0, 0, 9, 1),
(0, 0, 10, 1),
(0, 0, 11, 1),
(0, 0, 12, 1),
(0, 0, 13, 1),
(0, 0, 14, 1),
(0, 0, 17, 1),
(0, 0, 18, 1),
(0, 0, 19, 1),
(0, 0, 20, 1),
(0, 0, 21, 1),
(0, 0, 22, 1),
(0, 0, 23, 1),
(0, 0, 24, 1),
(0, 0, 25, 1),
(0, 0, 26, 1),
(0, 0, 27, 1),
(0, 0, 28, 1),
(0, 0, 29, 1),
(0, 0, 30, 1),
(0, 0, 31, 1),
(0, 0, 32, 1),
(0, 0, 33, 1),
(0, 0, 34, 1),
(0, 0, 35, 2),
(0, 0, 36, 2),
(0, 0, 37, 2),
(0, 0, 38, 2),
(0, 0, 39, 2),
(0, 0, 40, 2),
(0, 0, 41, 2),
(0, 0, 42, 2),
(0, 0, 43, 2),
(0, 0, 44, 2),
(0, 0, 45, 2),
(0, 0, 46, 2),
(0, 0, 47, 2),
(0, 0, 48, 2),
(0, 0, 49, 2),
(0, 0, 50, 2),
(0, 0, 51, 2),
(0, 0, 52, 2),
(0, 0, 53, 2),
(0, 0, 54, 2),
(0, 0, 55, 2),
(0, 0, 56, 2),
(0, 0, 57, 2),
(0, 0, 58, 2),
(0, 0, 59, 2),
(0, 0, 60, 2),
(0, 0, 61, 2),
(0, 0, 62, 2),
(0, 0, 63, 2),
(0, 0, 64, 2),
(0, 0, 65, 2),
(0, 0, 66, 2),
(0, 0, 67, 2),
(0, 0, 68, 2),
(0, 0, 69, 2),
(0, 0, 70, 2),
(0, 0, 71, 2),
(0, 0, 72, 2),
(0, 0, 73, 2),
(0, 0, 74, 2),
(0, 0, 75, 2),
(0, 0, 76, 2),
(0, 0, 77, 2),
(0, 0, 78, 2),
(0, 0, 79, 2),
(0, 0, 80, 2),
(0, 0, 81, 2),
(0, 0, 82, 2),
(0, 0, 83, 2),
(0, 0, 84, 2),
(0, 0, 85, 2),
(0, 0, 86, 2),
(0, 0, 87, 2),
(0, 0, 88, 2),
(0, 0, 89, 2),
(0, 0, 90, 2),
(0, 0, 92, 2),
(0, 0, 93, 2),
(0, 0, 94, 2),
(0, 0, 95, 2),
(0, 0, 96, 2),
(0, 0, 97, 2),
(0, 0, 98, 2),
(0, 0, 99, 2),
(0, 0, 100, 2),
(0, 0, 101, 2),
(0, 0, 102, 2),
(0, 0, 103, 2),
(0, 0, 104, 2),
(0, 0, 105, 2),
(0, 0, 106, 2),
(0, 0, 108, 2),
(0, 0, 109, 2),
(0, 0, 110, 2),
(0, 0, 111, 2),
(0, 0, 112, 2),
(0, 0, 113, 2),
(0, 0, 114, 2),
(0, 0, 115, 2),
(0, 0, 116, 3),
(0, 0, 117, 3),
(0, 0, 118, 3),
(0, 0, 119, 3),
(0, 0, 120, 3),
(0, 0, 121, 3),
(0, 0, 122, 3),
(0, 0, 123, 3),
(0, 0, 124, 3),
(0, 0, 125, 3),
(0, 0, 126, 3),
(0, 0, 127, 3),
(0, 0, 128, 3),
(0, 0, 129, 3),
(0, 0, 130, 3),
(0, 0, 131, 3),
(0, 0, 132, 3),
(0, 0, 133, 3),
(0, 0, 134, 3),
(0, 0, 135, 3),
(0, 0, 136, 3),
(0, 0, 137, 3),
(0, 0, 138, 3),
(0, 0, 139, 3),
(0, 0, 140, 3),
(0, 0, 141, 3),
(0, 0, 142, 3),
(0, 0, 143, 3),
(0, 0, 1, 4),
(0, 0, 6, 4),
(0, 0, 7, 4),
(0, 0, 10, 4),
(0, 0, 17, 4),
(0, 0, 18, 4),
(0, 0, 28, 4),
(0, 0, 29, 4),
(0, 0, 36, 4),
(0, 0, 43, 4),
(0, 0, 59, 4),
(0, 0, 78, 4),
(0, 0, 145, 4),
(0, 0, 146, 4),
(0, 0, 148, 4),
(0, 0, 149, 4),
(0, 0, 150, 4),
(0, 0, 151, 4),
(0, 0, 152, 4),
(0, 0, 153, 4),
(0, 0, 154, 4),
(0, 0, 155, 4),
(0, 0, 157, 4),
(0, 0, 159, 4),
(0, 0, 160, 4),
(0, 0, 161, 4),
(0, 0, 162, 4),
(0, 0, 163, 4),
(0, 0, 164, 4),
(0, 0, 165, 4),
(0, 0, 166, 4),
(0, 0, 168, 4),
(0, 0, 169, 4),
(0, 0, 170, 4),
(0, 0, 171, 4),
(0, 0, 172, 4),
(0, 0, 175, 4),
(0, 0, 176, 4),
(0, 0, 177, 4),
(0, 0, 178, 4),
(0, 0, 180, 4),
(0, 0, 183, 4),
(0, 0, 184, 4),
(0, 0, 185, 4),
(0, 0, 187, 4),
(0, 0, 189, 4),
(0, 0, 190, 4),
(0, 0, 191, 4),
(0, 0, 192, 4),
(0, 0, 193, 4),
(0, 0, 194, 4),
(0, 0, 195, 4),
(0, 0, 196, 4),
(0, 0, 197, 4),
(0, 0, 198, 4),
(0, 0, 199, 4),
(0, 0, 200, 4),
(0, 0, 201, 4),
(0, 0, 202, 4),
(0, 0, 203, 4),
(0, 0, 204, 4),
(0, 0, 205, 4),
(0, 0, 206, 4),
(0, 0, 207, 4),
(0, 0, 6, 5),
(0, 0, 7, 5),
(0, 0, 128, 5),
(0, 0, 131, 5),
(0, 0, 203, 5),
(0, 0, 208, 5),
(0, 0, 209, 5),
(0, 0, 210, 5),
(0, 0, 211, 5),
(0, 0, 213, 5),
(0, 0, 214, 5),
(0, 0, 215, 5),
(0, 0, 216, 5),
(0, 0, 217, 5),
(0, 0, 218, 5),
(0, 0, 219, 5),
(0, 0, 220, 5),
(0, 0, 221, 5),
(0, 0, 223, 5),
(0, 0, 224, 5),
(0, 0, 226, 5),
(0, 0, 227, 5),
(0, 0, 228, 5),
(0, 0, 229, 5),
(0, 0, 230, 5),
(0, 0, 231, 5),
(0, 0, 232, 5),
(0, 0, 233, 5),
(0, 0, 234, 5),
(0, 0, 235, 5),
(0, 0, 236, 5),
(0, 0, 237, 5),
(0, 0, 238, 5),
(0, 0, 239, 5),
(0, 0, 241, 5),
(0, 0, 242, 5),
(0, 0, 243, 5),
(0, 0, 244, 5),
(0, 0, 245, 5),
(0, 0, 246, 5),
(0, 0, 247, 5),
(0, 0, 248, 5),
(0, 0, 250, 5),
(0, 0, 251, 5),
(0, 0, 253, 5),
(0, 0, 254, 5),
(0, 0, 255, 5),
(0, 0, 256, 5),
(0, 0, 257, 5),
(0, 0, 258, 5),
(0, 0, 259, 5),
(0, 0, 260, 5),
(0, 0, 261, 5),
(0, 0, 262, 5),
(0, 0, 263, 5),
(0, 0, 264, 5),
(0, 0, 265, 5),
(0, 0, 266, 5),
(0, 0, 267, 5),
(0, 0, 268, 5),
(0, 0, 269, 5),
(0, 0, 270, 5),
(0, 0, 271, 5),
(0, 0, 272, 5),
(0, 0, 273, 5),
(0, 0, 274, 5),
(0, 0, 275, 5),
(0, 0, 276, 5),
(0, 0, 277, 5),
(0, 0, 278, 5),
(0, 0, 279, 5),
(0, 0, 280, 5),
(0, 0, 281, 5),
(0, 0, 282, 5),
(0, 0, 283, 5),
(0, 0, 284, 5),
(0, 0, 285, 5),
(0, 0, 286, 5),
(0, 0, 287, 5),
(0, 0, 288, 5),
(0, 0, 289, 5),
(0, 0, 290, 5),
(0, 0, 291, 5),
(0, 0, 292, 5),
(0, 0, 293, 5),
(0, 0, 294, 5),
(0, 0, 295, 5),
(0, 0, 296, 5),
(0, 0, 297, 5),
(0, 0, 298, 5),
(0, 0, 299, 5),
(0, 0, 300, 5),
(0, 0, 301, 5),
(0, 0, 302, 5),
(0, 0, 303, 5),
(0, 0, 304, 5),
(0, 0, 305, 5),
(0, 0, 306, 5),
(0, 0, 307, 5),
(0, 0, 308, 5),
(0, 0, 309, 5),
(0, 0, 310, 5),
(0, 0, 311, 5),
(0, 0, 312, 5),
(0, 0, 313, 5),
(0, 0, 314, 5);



/*!40101 SET CHARACTER_SET_CLIENT=@OLD_CHARACTER_SET_CLIENT */;
/*!40101 SET CHARACTER_SET_RESULTS=@OLD_CHARACTER_SET_RESULTS */;
/*!40101 SET COLLATION_CONNECTION=@OLD_COLLATION_CONNECTION */;