-- phpMyAdmin SQL Dump
-- version 3.4.5deb1
-- http://www.phpmyadmin.net
--
-- Хост: localhost
-- Время создания: Апр 21 2012 г., 20:23
-- Версия сервера: 5.1.62
-- Версия PHP: 5.3.6-13ubuntu3.6

SET SQL_MODE="NO_AUTO_VALUE_ON_ZERO";
SET time_zone = "+00:00";


/*!40101 SET @OLD_CHARACTER_SET_CLIENT=@@CHARACTER_SET_CLIENT */;
/*!40101 SET @OLD_CHARACTER_SET_RESULTS=@@CHARACTER_SET_RESULTS */;
/*!40101 SET @OLD_COLLATION_CONNECTION=@@COLLATION_CONNECTION */;
/*!40101 SET NAMES utf8 */;

--
-- База данных: `test`
--

--
-- Дамп данных таблицы `NewGPM`
--

INSERT INTO `NewGPM` (`id_gpm`, `nMentiens`) VALUES
('105727444555813489376', 2),
('106081895808858114685', 2),
('108497854512071229497', 1),
('109881842842005617350', 1),
('109297897538038103233', 1),
('104146453223630643589', 1),
('116889817243857236759', 1),
('116478408432375245793', 1),
('111414365412067268018', 1),
('114389732693324084004', 1),
('111218576343303467396', 1),
('101082968627292826572', 1),
('107540629485283649979', 1),
('115126783957192949128', 1),
('112000655852778703531', 1),
('102027639157949156986', 1),
('107601406689066602184', 1),
('108487293502568686632', 1),
('110758668954214890916', 1),
('116155683760690202517', 1),
('101328151020046391596', 1),
('103070466664167067139', 1),
('107324786350943348934', 1),
('115439787677651869141', 1),
('112536248901730665074', 1),
('102518249556756332560', 1),
('104741165054201306683', 1),
('102703800095809622855', 1),
('110844767706810088397', 1),
('113378850557808427343', 1),
('113455568550681617115', 1),
('104912917356741246670', 1),
('114130497407307723807', 1),
('106610782806678263222', 1),
('108117854221718814462', 1),
('115960317996844691235', 1),
('105867571821556184468', 1),
('109485687357389929885', 1),
('112864828015335332199', 1),
('107061969520656964054', 1),
('111827971023014472404', 1),
('107164074163119705733', 1),
('113796848790713882648', 1),
('116907396629005511240', 1),
('115578475618676021782', 1),
('116222792096549133909', 1),
('102148968102552916213', 1),
('102356402603993684869', 1),
('107163539223211669406', 1),
('105660299511631173020', 1),
('101499765944129661495', 1),
('116409994270736740147', 1),
('116655779661817376126', 1),
('109848546048504966459', 1),
('106951547181083343357', 1),
('114549399670348425173', 1),
('108523300063684902117', 1),
('105112576061224982618', 1),
('104166963913180669757', 1),
('101764897419972320467', 1),
('109477654250057350287', 1),
('115917885396499085812', 1),
('117724206934284535078', 1),
('113046410027988176936', 1),
('103492736471916442017', 1),
('110003977323521433076', 1),
('108926624173894619660', 1),
('100718438236613896588', 1),
('113696405311752226753', 1),
('109917975531265202564', 1),
('114621385895763735070', 1),
('107685628073198022677', 1),
('116167371920966635865', 1),
('113563197235112166080', 1),
('104214171578749661248', 1),
('109513947582592182637', 1),
('115559311346180804839', 1),
('117621833384436120621', 1),
('104290170485188514094', 1),
('105792786274478842234', 1),
('115182577996148656791', 1),
('109109540439739103360', 1),
('109141192126338179138', 1),
('115623702808833558579', 1),
('100752408567904662989', 1),
('115600002723737184297', 1),
('109991935331534808914', 1),
('112243708749314909341', 1),
('113424405670100069223', 1),
('116684218922961448134', 1),
('111221260489730780723', 1),
('113675392485884459200', 1),
('100347258368557502240', 1),
('100135795418953301535', 1),
('101075069482078155889', 1),
('114462607483992586940', 1),
('102070757518827075005', 1),
('105487703012039957818', 1),
('107866692061033886550', 1),
('102867297157850987181', 1),
('109281994634845538462', 1),
('112296736758395613032', 1),
('100537644899195194897', 1),
('103558822527435570944', 1),
('105805953202813756631', 1),
('107574506845018937097', 1),
('114200159301997059067', 1),
('100702045876666903960', 1),
('103823651636164768505', 1),
('108855660368769362180', 1),
('114755240492684394380', 1),
('100491168277202401951', 1),
('114833056821144106055', 1),
('117194483866411181633', 1),
('111609610754130053369', 1),
('109707838530687847453', 1),
('111342058032975227702', 1),
('116926412851461620376', 1),
('117538399501523144894', 1),
('103467386265662564691', 1),
('111363888584226099376', 1),
('112646316806065340881', 1),
('117467870890649074124', 1),
('100372499750213429035', 1),
('104685139841684618715', 1),
('113129566443005386436', 1),
('106430897959412956937', 1),
('102320153591660781514', 1),
('109053873582042161204', 1),
('105147271918240387853', 1),
('106459587246946642986', 1),
('118089998056466658888', 1),
('113154016319829303368', 1),
('104707722691001913497', 1),
('111351992473257691403', 1),
('103547953111411764396', 1),
('117567970846938402069', 1),
('117441342438922393140', 1),
('106964361259992368482', 1),
('114033023534739473398', 1),
('109864924511609341233', 1),
('107241708592733555482', 1),
('110288681882310008864', 1),
('105741130802710137031', 1),
('117390771594701179922', 1),
('116893960595816892260', 1),
('108815458602651747249', 1),
('106403022809621967046', 1),
('107741152832245188942', 1),
('116898274668790674664', 1),
('113554757943345023986', 1),
('100736747588561508538', 1),
('116659731612606540330', 1),
('112625130777409888914', 1),
('101908391863742993018', 1),
('117427965408516165606', 1),
('107966445473072595112', 1),
('108944772511777890335', 1),
('117842780953247652925', 1),
('102566994413152502478', 1),
('107731632269683572003', 1),
('101342256865214074383', 1),
('110727555995273535464', 1),
('113521113094746407741', 1),
('115788806758991712248', 1),
('114686091695228729256', 1),
('107878861705416620562', 1),
('111469227243795252706', 1),
('104677812953833386554', 1),
('113926289500476760879', 1),
('118202792925679737828', 1),
('106222965570898155371', 1),
('116889123782033227907', 1),
('115098225746367263023', 1),
('113276861370213912415', 1),
('110439401865641226991', 1),
('107947745249372458692', 1),
('106977486730357049095', 1),
('115845878002180683760', 1),
('108764217215644747348', 1),
('105065100709231875267', 1),
('108930904812390819519', 1),
('114497289253126530472', 1),
('103634396390456644248', 1),
('100320675800516951460', 1),
('110670988463298255888', 1),
('110047017260368408383', 1),
('115772705939323632870', 1),
('105999472614064220701', 1),
('117232754327695118207', 1),
('113375141255760433461', 1),
('101563133917495152745', 1),
('106576014130608390077', 1),
('113537246107008318726', 1),
('103405347001806295230', 1),
('102111225690683538037', 1),
('117802859619847554171', 1),
('100586061801858575149', 1),
('116569924076395286043', 1),
('112189121637434791825', 1),
('106048826852755799228', 1),
('102430262175562376616', 1),
('117127106340710780315', 1),
('109511980545405584330', 1),
('107972960011131134927', 1),
('112424869495383218984', 1),
('106650556121080621799', 1),
('111252451305314712315', 1),
('112086562578687549746', 1),
('109633507430487661017', 1),
('105874716432514375144', 1),
('107680480596904391940', 1),
('103829281202402155975', 1),
('100538296843243761741', 1),
('101985569437571906463', 1),
('112165061688946926011', 1),
('103685370624600585350', 1),
('100213100174232499931', 1),
('118338122807204617709', 1),
('104751441551165877262', 1),
('110450743774270176758', 1),
('102852554203969333154', 1),
('109086485902314041381', 1),
('108810152752960817249', 1),
('116897920940109090121', 1),
('113325056289989785412', 1),
('117201208024264158264', 1),
('105032343574729198615', 1),
('111434081641654028537', 1),
('111547813343683356709', 1),
('107462853236093664627', 1),
('100943816011247703972', 1),
('112384396012685100301', 1),
('112275856390520557607', 1),
('109136630267873698352', 1),
('117421123686295963767', 1),
('106058191573227772287', 1),
('104116783688196701140', 1),
('110925169272074144560', 1),
('111904771838673960423', 1),
('117766299313421064218', 1),
('118264682014694899398', 1),
('105015855023589422618', 1),
('108113328568346463673', 1),
('111197644910310088877', 1),
('106138177035293880199', 1),
('104721448843223899740', 1),
('111441278602865212925', 1),
('105276502254027740724', 1),
('117282508127784901767', 1),
('104152600378375983552', 1),
('114048275133157482409', 1),
('106699272501076142278', 1),
('100223390369318616889', 1),
('109636984586624810111', 1),
('106377453958809776928', 1),
('105046907714015556743', 1),
('108552861808800504662', 1),
('103534615873032920951', 1),
('111144825372910043343', 1),
('111682381206859822244', 1),
('102046557558192368281', 1),
('110703691461436810484', 1),
('108639202178465068721', 1),
('117560743785798308154', 1),
('104347354268904343201', 1),
('102043605096647731212', 1),
('113302671083219323027', 1),
('115304200687794350630', 1),
('105946933738933611322', 1),
('109530965043923225739', 1),
('107666757153354509343', 1),
('108617092770977658374', 1),
('115554116701697093221', 1),
('101133210103430144800', 1),
('102771048419431790185', 1),
('112191495220481353399', 1),
('112100152724685677190', 1),
('113924725262132857615', 1),
('111358240714026955387', 1),
('107202614850913025937', 1),
('108614926117501246457', 1),
('116443598357470098641', 1),
('110476119537799041586', 1),
('100107260898095371759', 1),
('101961690411361725114', 1),
('109356527308265286844', 1),
('108752630163899638798', 1),
('106340506143611494141', 1),
('101723022107285833148', 1),
('109967480336207654200', 1),
('110863639057606201122', 1),
('111801028926635136863', 1),
('116990273601802102374', 1),
('108116381524723779709', 1),
('104293413184036494645', 1),
('114807014800070389464', 1),
('114798656894956316427', 1),
('111835748558332545676', 1),
('110967702097386375468', 1);

--
-- Дамп данных таблицы `Relationship`
--

INSERT INTO `Relationship` (`id`, `status`) VALUES (1, 'single');
INSERT INTO `Relationship` (`id`, `status`) VALUES (2, 'in_a_relationship');
INSERT INTO `Relationship` (`id`, `status`) VALUES (3, 'engaged');
INSERT INTO `Relationship` (`id`, `status`) VALUES (4, 'married');
INSERT INTO `Relationship` (`id`, `status`) VALUES (5, 'its_complicated');
INSERT INTO `Relationship` (`id`, `status`) VALUES (6, 'open_relationship');
INSERT INTO `Relationship` (`id`, `status`) VALUES (7, 'widowed');
INSERT INTO `Relationship` (`id`, `status`) VALUES (8, 'in_domestic_partnership');
INSERT INTO `Relationship` (`id`, `status`) VALUES (9, 'in_civil_union');

--
-- Дамп данных таблицы `Gender`
--
INSERT INTO `Gender` (`id`, `value`) VALUES (1, 'male');
INSERT INTO `Gender` (`id`, `value`) VALUES (2, 'female');
INSERT INTO `Gender` (`id`, `value`) VALUES (3, 'other');

--
-- Дамп данных таблицы `Content`
--
INSERT INTO `Content` (`id`,`kind`) VALUES (3,'audio');
INSERT INTO `Content` (`id`,`kind`) VALUES (5,'link');
INSERT INTO `Content` (`id`,`kind`) VALUES (2,'photo');
INSERT INTO `Content` (`id`,`kind`) VALUES (1,'text');
INSERT INTO `Content` (`id`,`kind`) VALUES (4,'video');


--
-- Дамп данных таблицы `Word`
--

INSERT INTO `Word` (`id`, `Word`) VALUES
(31, 'abstract'),
(24, 'acrylic'),
(73, 'activities'),
(294, 'admin'),
(266, 'administrator'),
(265, 'ajax'),
(180, 'amateur'),
(210, 'android'),
(299, 'apache'),
(280, 'api'),
(234, 'app'),
(236, 'application'),
(233, 'applications'),
(229, 'apps'),
(25, 'architect'),
(197, 'architecture'),
(187, 'area'),
(2, 'art'),
(134, 'articles'),
(1, 'artist'),
(26, 'artistic'),
(8, 'artwork'),
(124, 'author'),
(63, 'baseball'),
(270, 'basic'),
(40, 'basketball'),
(175, 'beautiful'),
(171, 'beauty'),
(60, 'bike'),
(102, 'bikes'),
(254, 'bit'),
(307, 'bits'),
(116, 'blog'),
(117, 'blogger'),
(132, 'bloggers'),
(120, 'blogging'),
(123, 'blogs'),
(129, 'blogspot'),
(75, 'boxing'),
(297, 'browser'),
(231, 'c++'),
(157, 'camera'),
(190, 'canon'),
(184, 'capture'),
(93, 'challenge'),
(141, 'channel'),
(115, 'chempionships'),
(99, 'chess'),
(42, 'circle'),
(43, 'circles'),
(193, 'clients'),
(113, 'climber'),
(87, 'climbing'),
(85, 'coach'),
(90, 'coaching'),
(230, 'code'),
(278, 'coder'),
(277, 'coding'),
(32, 'color'),
(14, 'comics'),
(221, 'computer'),
(257, 'computers'),
(275, 'computing'),
(22, 'concept'),
(125, 'content'),
(272, 'core'),
(189, 'create'),
(169, 'creative'),
(96, 'cricket'),
(178, 'critique'),
(245, 'css'),
(288, 'css3'),
(51, 'cycling'),
(98, 'cyclist'),
(301, 'databases'),
(269, 'debian'),
(296, 'delphi'),
(7, 'design'),
(6, 'designer'),
(264, 'develop'),
(276, 'developed'),
(208, 'developer'),
(246, 'developers'),
(243, 'developing'),
(215, 'development'),
(10, 'digital'),
(267, 'django'),
(11, 'drawing'),
(263, 'drupal'),
(291, 'eclipse'),
(162, 'enjoy'),
(27, 'exhibition'),
(172, 'fashion'),
(114, 'fighter'),
(83, 'figure'),
(61, 'fitness'),
(35, 'football'),
(262, 'framework'),
(305, 'frameworks'),
(248, 'freelance'),
(12, 'gallery'),
(53, 'game'),
(80, 'gamer'),
(46, 'games'),
(68, 'gaming'),
(203, 'geek'),
(304, 'gentoo'),
(298, 'github'),
(206, 'glamour'),
(106, 'goal'),
(79, 'golf'),
(214, 'google'),
(9, 'graphic'),
(160, 'great'),
(103, 'gym'),
(283, 'hacker'),
(289, 'hacking'),
(282, 'hardware'),
(205, 'hobby'),
(54, 'hockey'),
(199, 'home'),
(242, 'html'),
(238, 'html5'),
(5, 'illustration'),
(3, 'illustrator'),
(154, 'images'),
(112, 'instructor'),
(232, 'internet'),
(235, 'ios'),
(213, 'java'),
(226, 'javascript'),
(241, 'jquery'),
(107, 'kayaking'),
(151, 'landscape'),
(170, 'landscapes'),
(69, 'league'),
(204, 'lightroom'),
(217, 'linux'),
(295, 'lisp'),
(165, 'live'),
(176, 'look'),
(258, 'mac'),
(192, 'macro'),
(17, 'magazine'),
(95, 'marathon'),
(18, 'media'),
(251, 'microsoft'),
(91, 'mma'),
(33, 'modern'),
(200, 'moment'),
(313, 'mssql'),
(309, 'mvc'),
(239, 'mysql'),
(314, 'mysql5'),
(183, 'national'),
(148, 'nature'),
(88, 'nba'),
(224, 'net'),
(273, 'network'),
(287, 'networking'),
(292, 'networks'),
(77, 'nfl'),
(185, 'nikon'),
(290, 'objective-c'),
(101, 'olympic'),
(293, 'open-source'),
(312, 'opensource'),
(286, 'oracle'),
(268, 'page'),
(4, 'paint'),
(13, 'painter'),
(19, 'painting'),
(159, 'passion'),
(196, 'passionate'),
(153, 'people'),
(149, 'photo'),
(145, 'photographer'),
(28, 'photography'),
(191, 'photoshop'),
(219, 'php'),
(168, 'picture'),
(59, 'place'),
(255, 'platform'),
(279, 'platforms'),
(41, 'play'),
(64, 'played'),
(56, 'player'),
(109, 'players'),
(48, 'playing'),
(136, 'podcaster'),
(62, 'pool'),
(201, 'portfolio'),
(29, 'portrait'),
(127, 'post'),
(300, 'postgresql'),
(126, 'posts'),
(207, 'product'),
(161, 'professional'),
(128, 'profile'),
(260, 'program'),
(216, 'programmer'),
(302, 'programmers'),
(220, 'programming'),
(274, 'programs'),
(164, 'project'),
(138, 'published'),
(142, 'publisher'),
(133, 'publishing'),
(218, 'python'),
(45, 'race'),
(92, 'racer'),
(86, 'races'),
(58, 'racing'),
(105, 'rafting'),
(237, 'rails'),
(140, 'reviews'),
(227, 'ruby'),
(70, 'rugby'),
(100, 'runner'),
(50, 'running'),
(308, 'scripting'),
(23, 'sculptor'),
(30, 'sculpture'),
(256, 'server'),
(130, 'share'),
(139, 'sharing'),
(78, 'shoot'),
(84, 'shooting'),
(97, 'shot'),
(195, 'show'),
(253, 'site'),
(261, 'sites'),
(108, 'skater'),
(111, 'skates'),
(76, 'ski'),
(71, 'skier'),
(44, 'skiing'),
(74, 'snowboarding'),
(38, 'soccer'),
(211, 'software'),
(223, 'source'),
(20, 'speedpaint'),
(39, 'sport'),
(37, 'sports'),
(259, 'sql'),
(306, 'stack'),
(65, 'start'),
(82, 'strategy'),
(163, 'street'),
(194, 'studio'),
(198, 'style'),
(271, 'support'),
(72, 'swimmer'),
(47, 'swimming'),
(49, 'team'),
(67, 'teams'),
(66, 'tennis'),
(310, 'test'),
(303, 'tester'),
(36, 'time'),
(135, 'topics'),
(110, 'tour'),
(94, 'trainer'),
(55, 'training'),
(155, 'travel'),
(52, 'try'),
(250, 'ubuntu'),
(285, 'unix'),
(228, 'user'),
(202, 'various'),
(143, 'videoblog'),
(284, 'virtual'),
(34, 'visionary'),
(21, 'visual'),
(57, 'volleyball'),
(209, 'web'),
(311, 'webmaster'),
(244, 'website'),
(247, 'websites'),
(166, 'wildlife'),
(81, 'win'),
(131, 'wordpress'),
(146, 'work'),
(177, 'workshop'),
(150, 'world'),
(104, 'wrestling'),
(119, 'write'),
(118, 'writer'),
(137, 'writes'),
(122, 'writing'),
(281, 'xml'),
(152, 'years'),
(89, 'yoga'),
(121, 'youtube');

--
-- Дамп данных таблицы `Synonym`
--

INSERT INTO `Synonym` (`id`, `synonym`, `word`) VALUES
(1, 'абстрактный', 31),
(2, 'акриловый', 24),
(3, 'архитектор', 25),
(4, 'искусство', 2),
(5, 'художник', 1),
(6, 'художественный', 26),
(7, 'футбол', 35),
(8, 'тайм', 36),
(9, 'спортивный', 37),
(11, 'спорт', 39),
(12, 'баскетбол', 40),
(13, 'игра', 41),
(14, 'круг', 42),
(15, 'круги', 43),
(16, 'лыжи', 44),
(17, 'гонка', 45),
(18, 'соревнования', 46),
(19, 'плавание', 47),
(20, 'игральный', 48),
(21, 'команда', 49),
(22, 'бег', 50),
(23, 'велогонка', 51),
(24, 'попытка', 52),
(25, 'партия', 53),
(26, 'хоккей', 54),
(27, 'тренировка', 55),
(28, 'спортсмен', 56),
(29, 'волейбол', 57),
(30, 'гоночный', 58),
(31, 'место', 59),
(32, 'велосипед', 60),
(33, 'фитнес', 61),
(34, 'бассейн', 62),
(35, 'бейсбол', 63),
(36, 'играл', 64),
(37, 'старт', 65),
(38, 'теннис', 66),
(39, 'команды', 67),
(40, 'игровой', 68),
(41, 'лига', 69),
(42, 'регби', 70),
(43, 'лыжник', 71),
(44, 'пловец', 72),
(45, 'активность', 73),
(46, 'сноуборд', 74),
(47, 'бокс', 75),
(48, 'лыжа', 76),
(49, 'нфл', 77),
(50, 'стрельба', 78),
(51, 'гольф', 79),
(52, 'игрок', 80),
(53, 'победа', 81),
(54, 'стратегия', 82),
(55, 'фигура', 83),
(57, 'тренер', 85),
(58, 'скачки', 86),
(59, 'восхождение', 87),
(60, 'нба', 88),
(61, 'йога', 89),
(63, 'гонщик', 92),
(64, 'вызов', 93),
(66, 'марафон', 95),
(67, 'крикет', 96),
(68, 'выстрел', 97),
(69, 'велосипедист', 98),
(70, 'шахматы', 99),
(71, 'бегун', 100),
(72, 'олимпийский', 101),
(73, 'велосипеды', 102),
(74, 'гимнастика', 103),
(75, 'борьба', 104),
(76, 'спуск', 105),
(77, 'гол', 106),
(78, 'конькобежец', 108),
(79, 'игроки', 109),
(80, 'тур', 110),
(81, 'коньки', 111),
(82, 'инструктор', 112),
(83, 'альпинист', 113),
(84, 'боец', 114),
(85, 'чемпионат', 115),
(86, 'блог', 116),
(87, 'блоггер', 117),
(88, 'писатель', 118),
(89, 'писать', 119),
(90, 'блоггерство', 120),
(91, 'youtube', 121),
(92, 'пишу', 122),
(93, 'блоги', 123),
(94, 'автор', 124),
(95, 'контент', 125),
(96, 'посты', 126),
(97, 'пост', 127),
(98, 'профиль', 128),
(99, 'blogspot', 129),
(100, 'поделиться', 130),
(101, 'wordpress', 131),
(102, 'блоггеры', 132),
(103, 'публикую', 133),
(104, 'статья', 134),
(106, 'подкастер', 136),
(108, 'опубликованный', 138),
(109, 'ревью', 140),
(110, 'канал', 141),
(111, 'видеоблог', 143);


--
-- Дамп данных таблицы `GroupDescr`
--

INSERT INTO `GroupDescr` (`id`, `Description`, `name`, `activeImage`, `passiveImage`) VALUES
(1, '', 'Художники', '', ''),
(2, NULL, 'Спортсмены', '', ''),
(3, NULL, 'Блоггеры', '', ''),
(4, '', 'Фотографы', '', ''),
(5, NULL, 'Разработчики', '', '');


--
-- Дамп данных таблицы `Link`
--

INSERT INTO `Link` (`id`, `link`) VALUES
(1, '500px.com'),
(7, 'blogger.com'),
(3, 'blogspot.com'),
(2, 'flickr.com'),
(6, 'github.com'),
(8, 'livejournal.com'),
(10, 'panoramio.com'),
(9, 'stackoverflow.com'),
(4, 'wordpress.com'),
(5, 'youtube.com');

--
-- Дамп данных таблицы `GroupLink`
--

INSERT INTO `GroupLink` (`postWeight`, `profileWeight`, `link`, `groupDescr`) VALUES
(0, 0, 3, 3),
(0, 0, 4, 3),
(0, 0, 5, 3),
(0, 0, 7, 3),
(0, 0, 8, 3),
(0, 0, 1, 4),
(0, 0, 2, 4),
(0, 0, 10, 4),
(0, 0, 6, 5),
(0, 0, 9, 5);

--
-- Дамп данных таблицы `GroupWord`
--

INSERT INTO `GroupWord` (`postWeight`, `profileWeight`, `word`, `groupDescr`) VALUES
(0, 0, 1, 1),
(0, 0, 2, 1),
(0, 0, 3, 1),
(0, 0, 4, 1),
(0, 0, 5, 1),
(0, 0, 6, 1),
(0, 0, 7, 1),
(0, 0, 8, 1),
(0, 0, 9, 1),
(0, 0, 10, 1),
(0, 0, 11, 1),
(0, 0, 12, 1),
(0, 0, 13, 1),
(0, 0, 14, 1),
(0, 0, 17, 1),
(0, 0, 18, 1),
(0, 0, 19, 1),
(0, 0, 20, 1),
(0, 0, 21, 1),
(0, 0, 22, 1),
(0, 0, 23, 1),
(0, 0, 24, 1),
(0, 0, 25, 1),
(0, 0, 26, 1),
(0, 0, 27, 1),
(0, 0, 28, 1),
(0, 0, 29, 1),
(0, 0, 30, 1),
(0, 0, 31, 1),
(0, 0, 32, 1),
(0, 0, 33, 1),
(0, 0, 34, 1),
(0, 0, 35, 2),
(0, 0, 36, 2),
(0, 0, 37, 2),
(0, 0, 38, 2),
(0, 0, 39, 2),
(0, 0, 40, 2),
(0, 0, 41, 2),
(0, 0, 42, 2),
(0, 0, 43, 2),
(0, 0, 44, 2),
(0, 0, 45, 2),
(0, 0, 46, 2),
(0, 0, 47, 2),
(0, 0, 48, 2),
(0, 0, 49, 2),
(0, 0, 50, 2),
(0, 0, 51, 2),
(0, 0, 52, 2),
(0, 0, 53, 2),
(0, 0, 54, 2),
(0, 0, 55, 2),
(0, 0, 56, 2),
(0, 0, 57, 2),
(0, 0, 58, 2),
(0, 0, 59, 2),
(0, 0, 60, 2),
(0, 0, 61, 2),
(0, 0, 62, 2),
(0, 0, 63, 2),
(0, 0, 64, 2),
(0, 0, 65, 2),
(0, 0, 66, 2),
(0, 0, 67, 2),
(0, 0, 68, 2),
(0, 0, 69, 2),
(0, 0, 70, 2),
(0, 0, 71, 2),
(0, 0, 72, 2),
(0, 0, 73, 2),
(0, 0, 74, 2),
(0, 0, 75, 2),
(0, 0, 76, 2),
(0, 0, 77, 2),
(0, 0, 78, 2),
(0, 0, 79, 2),
(0, 0, 80, 2),
(0, 0, 81, 2),
(0, 0, 82, 2),
(0, 0, 83, 2),
(0, 0, 84, 2),
(0, 0, 85, 2),
(0, 0, 86, 2),
(0, 0, 87, 2),
(0, 0, 88, 2),
(0, 0, 89, 2),
(0, 0, 90, 2),
(0, 0, 92, 2),
(0, 0, 93, 2),
(0, 0, 94, 2),
(0, 0, 95, 2),
(0, 0, 96, 2),
(0, 0, 97, 2),
(0, 0, 98, 2),
(0, 0, 99, 2),
(0, 0, 100, 2),
(0, 0, 101, 2),
(0, 0, 102, 2),
(0, 0, 103, 2),
(0, 0, 104, 2),
(0, 0, 105, 2),
(0, 0, 106, 2),
(0, 0, 108, 2),
(0, 0, 109, 2),
(0, 0, 110, 2),
(0, 0, 111, 2),
(0, 0, 112, 2),
(0, 0, 113, 2),
(0, 0, 114, 2),
(0, 0, 115, 2),
(0, 0, 116, 3),
(0, 0, 117, 3),
(0, 0, 118, 3),
(0, 0, 119, 3),
(0, 0, 120, 3),
(0, 0, 121, 3),
(0, 0, 122, 3),
(0, 0, 123, 3),
(0, 0, 124, 3),
(0, 0, 125, 3),
(0, 0, 126, 3),
(0, 0, 127, 3),
(0, 0, 128, 3),
(0, 0, 129, 3),
(0, 0, 130, 3),
(0, 0, 131, 3),
(0, 0, 132, 3),
(0, 0, 133, 3),
(0, 0, 134, 3),
(0, 0, 135, 3),
(0, 0, 136, 3),
(0, 0, 137, 3),
(0, 0, 138, 3),
(0, 0, 139, 3),
(0, 0, 140, 3),
(0, 0, 141, 3),
(0, 0, 142, 3),
(0, 0, 143, 3),
(0, 0, 1, 4),
(0, 0, 6, 4),
(0, 0, 7, 4),
(0, 0, 10, 4),
(0, 0, 17, 4),
(0, 0, 18, 4),
(0, 0, 28, 4),
(0, 0, 29, 4),
(0, 0, 36, 4),
(0, 0, 43, 4),
(0, 0, 59, 4),
(0, 0, 78, 4),
(0, 0, 145, 4),
(0, 0, 146, 4),
(0, 0, 148, 4),
(0, 0, 149, 4),
(0, 0, 150, 4),
(0, 0, 151, 4),
(0, 0, 152, 4),
(0, 0, 153, 4),
(0, 0, 154, 4),
(0, 0, 155, 4),
(0, 0, 157, 4),
(0, 0, 159, 4),
(0, 0, 160, 4),
(0, 0, 161, 4),
(0, 0, 162, 4),
(0, 0, 163, 4),
(0, 0, 164, 4),
(0, 0, 165, 4),
(0, 0, 166, 4),
(0, 0, 168, 4),
(0, 0, 169, 4),
(0, 0, 170, 4),
(0, 0, 171, 4),
(0, 0, 172, 4),
(0, 0, 175, 4),
(0, 0, 176, 4),
(0, 0, 177, 4),
(0, 0, 178, 4),
(0, 0, 180, 4),
(0, 0, 183, 4),
(0, 0, 184, 4),
(0, 0, 185, 4),
(0, 0, 187, 4),
(0, 0, 189, 4),
(0, 0, 190, 4),
(0, 0, 191, 4),
(0, 0, 192, 4),
(0, 0, 193, 4),
(0, 0, 194, 4),
(0, 0, 195, 4),
(0, 0, 196, 4),
(0, 0, 197, 4),
(0, 0, 198, 4),
(0, 0, 199, 4),
(0, 0, 200, 4),
(0, 0, 201, 4),
(0, 0, 202, 4),
(0, 0, 203, 4),
(0, 0, 204, 4),
(0, 0, 205, 4),
(0, 0, 206, 4),
(0, 0, 207, 4),
(0, 0, 6, 5),
(0, 0, 7, 5),
(0, 0, 128, 5),
(0, 0, 131, 5),
(0, 0, 203, 5),
(0, 0, 208, 5),
(0, 0, 209, 5),
(0, 0, 210, 5),
(0, 0, 211, 5),
(0, 0, 213, 5),
(0, 0, 214, 5),
(0, 0, 215, 5),
(0, 0, 216, 5),
(0, 0, 217, 5),
(0, 0, 218, 5),
(0, 0, 219, 5),
(0, 0, 220, 5),
(0, 0, 221, 5),
(0, 0, 223, 5),
(0, 0, 224, 5),
(0, 0, 226, 5),
(0, 0, 227, 5),
(0, 0, 228, 5),
(0, 0, 229, 5),
(0, 0, 230, 5),
(0, 0, 231, 5),
(0, 0, 232, 5),
(0, 0, 233, 5),
(0, 0, 234, 5),
(0, 0, 235, 5),
(0, 0, 236, 5),
(0, 0, 237, 5),
(0, 0, 238, 5),
(0, 0, 239, 5),
(0, 0, 241, 5),
(0, 0, 242, 5),
(0, 0, 243, 5),
(0, 0, 244, 5),
(0, 0, 245, 5),
(0, 0, 246, 5),
(0, 0, 247, 5),
(0, 0, 248, 5),
(0, 0, 250, 5),
(0, 0, 251, 5),
(0, 0, 253, 5),
(0, 0, 254, 5),
(0, 0, 255, 5),
(0, 0, 256, 5),
(0, 0, 257, 5),
(0, 0, 258, 5),
(0, 0, 259, 5),
(0, 0, 260, 5),
(0, 0, 261, 5),
(0, 0, 262, 5),
(0, 0, 263, 5),
(0, 0, 264, 5),
(0, 0, 265, 5),
(0, 0, 266, 5),
(0, 0, 267, 5),
(0, 0, 268, 5),
(0, 0, 269, 5),
(0, 0, 270, 5),
(0, 0, 271, 5),
(0, 0, 272, 5),
(0, 0, 273, 5),
(0, 0, 274, 5),
(0, 0, 275, 5),
(0, 0, 276, 5),
(0, 0, 277, 5),
(0, 0, 278, 5),
(0, 0, 279, 5),
(0, 0, 280, 5),
(0, 0, 281, 5),
(0, 0, 282, 5),
(0, 0, 283, 5),
(0, 0, 284, 5),
(0, 0, 285, 5),
(0, 0, 286, 5),
(0, 0, 287, 5),
(0, 0, 288, 5),
(0, 0, 289, 5),
(0, 0, 290, 5),
(0, 0, 291, 5),
(0, 0, 292, 5),
(0, 0, 293, 5),
(0, 0, 294, 5),
(0, 0, 295, 5),
(0, 0, 296, 5),
(0, 0, 297, 5),
(0, 0, 298, 5),
(0, 0, 299, 5),
(0, 0, 300, 5),
(0, 0, 301, 5),
(0, 0, 302, 5),
(0, 0, 303, 5),
(0, 0, 304, 5),
(0, 0, 305, 5),
(0, 0, 306, 5),
(0, 0, 307, 5),
(0, 0, 308, 5),
(0, 0, 309, 5),
(0, 0, 310, 5),
(0, 0, 311, 5),
(0, 0, 312, 5),
(0, 0, 313, 5),
(0, 0, 314, 5);



/*!40101 SET CHARACTER_SET_CLIENT=@OLD_CHARACTER_SET_CLIENT */;
/*!40101 SET CHARACTER_SET_RESULTS=@OLD_CHARACTER_SET_RESULTS */;
/*!40101 SET COLLATION_CONNECTION=@OLD_COLLATION_CONNECTION */;